/*
SQLyog Community v13.2.1 (64 bit)
MySQL - 8.0.28 : Database - storm
*********************************************************************
*/

/*!40101 SET NAMES utf8 */;

/*!40101 SET SQL_MODE=''*/;

/*!40014 SET @OLD_UNIQUE_CHECKS=@@UNIQUE_CHECKS, UNIQUE_CHECKS=0 */;
/*!40014 SET @OLD_FOREIGN_KEY_CHECKS=@@FOREIGN_KEY_CHECKS, FOREIGN_KEY_CHECKS=0 */;
/*!40101 SET @OLD_SQL_MODE=@@SQL_MODE, SQL_MODE='NO_AUTO_VALUE_ON_ZERO' */;
/*!40111 SET @OLD_SQL_NOTES=@@SQL_NOTES, SQL_NOTES=0 */;
CREATE DATABASE /*!32312 IF NOT EXISTS*/`storm` /*!40100 DEFAULT CHARACTER SET utf8mb4 COLLATE utf8mb4_0900_ai_ci */ /*!80016 DEFAULT ENCRYPTION='N' */;

USE `storm`;

/*Data for the table `__efmigrationshistory` */

insert  into `__efmigrationshistory`(`MigrationId`,`ProductVersion`) values 
('20240102085534_migration1','7.0.13'),
('20240102091758_migration2','7.0.13'),
('20240102105924_migration3','7.0.13'),
('20240102131813_migration4','7.0.13'),
('20240105121242_migration5','7.0.13'),
('20240111144518_migration6','7.0.13'),
('20240115124833_migration7','7.0.13'),
('20240121091939_migration1','7.0.13'),
('20240125150534_migration2','7.0.13'),
('20240201130857_migration3','7.0.13');

/*Data for the table `accesslogs` */

insert  into `accesslogs`(`Id`,`UserId`,`LogInTime`,`LogOutTime`,`IsLoggedIn`,`System`,`ComputerName`,`ComputerUserName`,`ComputerIpAddress`,`JwtToken`) values 
(2,2,'2024-01-03 14:38:18.520314','2024-01-03 14:38:18.520455',0,NULL,NULL,NULL,NULL,'eyJhbGciOiJIUzI1NiIsInR5cCI6IkpXVCJ9.eyJpZCI6IjIiLCJuYmYiOjE3MDQyODU0OTgsImV4cCI6MTcwNDM3MTg5OCwiaWF0IjoxNzA0Mjg1NDk4fQ.NJ64OsQMYMKbHCd6rl806H2DNp6ecQZSDkgUNah4FU4'),
(3,2,'2024-01-03 14:38:58.210679','2024-01-03 14:50:54.926390',0,NULL,NULL,NULL,NULL,'eyJhbGciOiJIUzI1NiIsInR5cCI6IkpXVCJ9.eyJpZCI6IjIiLCJuYmYiOjE3MDQyODU1MzgsImV4cCI6MTcwNDM3MTkzOCwiaWF0IjoxNzA0Mjg1NTM4fQ.Fnlb3lpgnk2zkJZBrlZpj6fMY_pzeIgmEthe5hkgMJw'),
(4,2,'2024-01-03 14:50:57.809315','2024-01-04 12:41:35.018156',0,NULL,NULL,NULL,NULL,'eyJhbGciOiJIUzI1NiIsInR5cCI6IkpXVCJ9.eyJpZCI6IjIiLCJuYmYiOjE3MDQyODYyNTcsImV4cCI6MTcwNDM3MjY1NywiaWF0IjoxNzA0Mjg2MjU3fQ.jULz5-LMNOB8TlG7C25sWn48WplAGhN3ckPw08b-c4U'),
(5,2,'2024-01-04 12:41:40.250808','2024-01-05 10:05:35.535617',0,2,NULL,NULL,NULL,'eyJhbGciOiJIUzI1NiIsInR5cCI6IkpXVCJ9.eyJpZCI6IjIiLCJuYmYiOjE3MDQzNjQ5MDAsImV4cCI6MTcwNDQ1MTMwMCwiaWF0IjoxNzA0MzY0OTAwfQ._GxwgwkYg0m_eGb-ZVUmaKpUoOaEKjXmHG9klfKmxn8'),
(6,2,'2024-01-05 10:05:38.261121','2024-01-05 10:50:55.422923',0,2,NULL,NULL,NULL,'eyJhbGciOiJIUzI1NiIsInR5cCI6IkpXVCJ9.eyJpZCI6IjIiLCJuYmYiOjE3MDQ0NDE5MzgsImV4cCI6MTcwNDUyODMzOCwiaWF0IjoxNzA0NDQxOTM4fQ.hN23DKLZEA_l28woyT8aTZCCGDXUb2Ecud--MqKpqIc'),
(7,2,'2024-01-05 10:50:58.095498','2024-01-05 13:21:28.398542',0,2,NULL,NULL,NULL,'eyJhbGciOiJIUzI1NiIsInR5cCI6IkpXVCJ9.eyJpZCI6IjIiLCJuYmYiOjE3MDQ0NDQ2NTcsImV4cCI6MTcwNDUzMTA1NywiaWF0IjoxNzA0NDQ0NjU3fQ.TOmnXLU881I12D9JqaCfhcDBdjsS5CO-T65QSGwnrRE'),
(8,2,'2024-01-05 13:21:30.512864','2024-01-05 14:16:56.020104',0,2,NULL,NULL,NULL,'eyJhbGciOiJIUzI1NiIsInR5cCI6IkpXVCJ9.eyJpZCI6IjIiLCJuYmYiOjE3MDQ0NTM2OTAsImV4cCI6MTcwNDU0MDA5MCwiaWF0IjoxNzA0NDUzNjkwfQ.dpNmrD5I4L2SS96splMGgCgk6Y9W9OW4ob4QkChmPUw'),
(9,2,'2024-01-05 14:16:57.812093','2024-01-09 10:40:28.996508',0,2,NULL,NULL,NULL,'eyJhbGciOiJIUzI1NiIsInR5cCI6IkpXVCJ9.eyJpZCI6IjIiLCJuYmYiOjE3MDQ0NTcwMTcsImV4cCI6MTcwNDU0MzQxNywiaWF0IjoxNzA0NDU3MDE3fQ.qvDLDWZZe0IV8bD5Xy8djFhbfA2XGdkwVz0RncYKVbE'),
(10,2,'2024-01-09 10:40:33.238174','2024-01-09 14:52:25.152979',0,2,NULL,NULL,NULL,'eyJhbGciOiJIUzI1NiIsInR5cCI6IkpXVCJ9.eyJpZCI6IjIiLCJuYmYiOjE3MDQ3ODk2MzMsImV4cCI6MTcwNDg3NjAzMywiaWF0IjoxNzA0Nzg5NjMzfQ.mPGt_uHod_ZCKn8suGy3WF_FsWwM10wCajWZyFw2HE0'),
(11,2,'2024-01-09 14:52:42.569110','2024-01-10 11:23:46.582731',0,2,NULL,NULL,NULL,'eyJhbGciOiJIUzI1NiIsInR5cCI6IkpXVCJ9.eyJpZCI6IjIiLCJuYmYiOjE3MDQ4MDQ3NjIsImV4cCI6MTcwNDg5MTE2MiwiaWF0IjoxNzA0ODA0NzYyfQ.DU-BEL4YOp77ZK-PCouenk9L_hjV-9xXvxAmdIGKFIw'),
(12,2,'2024-01-10 11:23:48.831629','2024-01-10 14:18:41.135352',0,2,NULL,NULL,NULL,'eyJhbGciOiJIUzI1NiIsInR5cCI6IkpXVCJ9.eyJpZCI6IjIiLCJuYmYiOjE3MDQ4Nzg2MjgsImV4cCI6MTcwNDk2NTAyOCwiaWF0IjoxNzA0ODc4NjI4fQ.U4at23dMB52bGtBngjAc_gfl715UUu0vvStzPm7dFa0'),
(13,2,'2024-01-10 14:18:43.773802','2024-01-10 15:09:56.162784',0,2,NULL,NULL,NULL,'eyJhbGciOiJIUzI1NiIsInR5cCI6IkpXVCJ9.eyJpZCI6IjIiLCJuYmYiOjE3MDQ4ODkxMjMsImV4cCI6MTcwNDk3NTUyMywiaWF0IjoxNzA0ODg5MTIzfQ.cCPusETMij-btHGGdKJhSb955UoqJ9Dk98rmijFUO9E'),
(14,2,'2024-01-10 15:09:57.568338','2024-01-10 15:18:14.969230',0,2,NULL,NULL,NULL,'eyJhbGciOiJIUzI1NiIsInR5cCI6IkpXVCJ9.eyJpZCI6IjIiLCJuYmYiOjE3MDQ4OTIxOTcsImV4cCI6MTcwNDk3ODU5NywiaWF0IjoxNzA0ODkyMTk3fQ.btaK14wAshXt33GDKogJJN3Qn9bzroKHcIHJ_JdlAy8'),
(15,2,'2024-01-10 15:18:17.523500','2024-01-11 15:22:18.470484',0,2,NULL,NULL,NULL,'eyJhbGciOiJIUzI1NiIsInR5cCI6IkpXVCJ9.eyJpZCI6IjIiLCJuYmYiOjE3MDQ4OTI2OTcsImV4cCI6MTcwNDk3OTA5NywiaWF0IjoxNzA0ODkyNjk3fQ._XgE-3yBWuIOg3IpWqFWGWDw9jUTgyxRlP5LqrVk-7o'),
(16,2,'2024-01-11 15:22:21.472774','2024-01-11 15:33:12.587552',0,2,NULL,NULL,NULL,'eyJhbGciOiJIUzI1NiIsInR5cCI6IkpXVCJ9.eyJpZCI6IjIiLCJuYmYiOjE3MDQ5NzkzNDEsImV4cCI6MTcwNTA2NTc0MSwiaWF0IjoxNzA0OTc5MzQxfQ.LkOzQ-PC741w3F1FNv-7b9T-6BMCKItuh8zKAeNQgRw'),
(17,2,'2024-01-11 15:33:14.648216','2024-01-12 12:38:52.856627',0,2,NULL,NULL,NULL,'eyJhbGciOiJIUzI1NiIsInR5cCI6IkpXVCJ9.eyJpZCI6IjIiLCJuYmYiOjE3MDQ5Nzk5OTQsImV4cCI6MTcwNTA2NjM5NCwiaWF0IjoxNzA0OTc5OTk0fQ.IlEbtsff1XleFMU7J_gjKlUu8RprsbjqMfPdZ745wqU'),
(18,2,'2024-01-12 12:38:56.589444','2024-01-12 12:41:14.837303',0,2,NULL,NULL,NULL,'eyJhbGciOiJIUzI1NiIsInR5cCI6IkpXVCJ9.eyJpZCI6IjIiLCJuYmYiOjE3MDUwNTU5MzYsImV4cCI6MTcwNTE0MjMzNiwiaWF0IjoxNzA1MDU1OTM2fQ.K5WWuzPTMMmS29VnkhlSvt2xXK-6CDYMQcprX1_k914'),
(19,2,'2024-01-12 12:39:45.955890','2024-01-12 12:41:18.665223',0,1,NULL,NULL,NULL,'eyJhbGciOiJIUzI1NiIsInR5cCI6IkpXVCJ9.eyJpZCI6IjIiLCJuYmYiOjE3MDUwNTU5ODUsImV4cCI6MTcwNTE0MjM4NSwiaWF0IjoxNzA1MDU1OTg1fQ.QFW-lwd4qNdBlNutAcWC_KmKIMoVeHXLQUIe-yhWnUI'),
(20,2,'2024-01-12 12:41:20.567704','2024-01-15 12:51:57.605714',0,1,NULL,NULL,NULL,'eyJhbGciOiJIUzI1NiIsInR5cCI6IkpXVCJ9.eyJpZCI6IjIiLCJuYmYiOjE3MDUwNTYwODAsImV4cCI6MTcwNTE0MjQ4MCwiaWF0IjoxNzA1MDU2MDgwfQ.8Szp4AkGKVPp7fRBx81DSm263GleR1GCqQzQ3cMbVjM'),
(21,2,'2024-01-15 12:51:59.465058','2024-01-16 16:43:00.724857',0,1,NULL,NULL,NULL,'eyJhbGciOiJIUzI1NiIsInR5cCI6IkpXVCJ9.eyJpZCI6IjIiLCJuYmYiOjE3MDUzMTU5MTksImV4cCI6MTcwNTQwMjMxOSwiaWF0IjoxNzA1MzE1OTE5fQ.1eJb0M8PbQiZjsi1v-RRf8Lcrfwq1YvVfTUM8QWZZ8M'),
(22,2,'2024-01-15 12:57:03.947919','2024-01-18 10:33:16.938020',0,2,NULL,NULL,NULL,'eyJhbGciOiJIUzI1NiIsInR5cCI6IkpXVCJ9.eyJpZCI6IjIiLCJuYmYiOjE3MDUzMTYyMjMsImV4cCI6MTcwNTQwMjYyMywiaWF0IjoxNzA1MzE2MjIzfQ.KLJlTZEkWDXo05ujqZrriBLVsfNnX7AbHW6rlW0cBAo'),
(23,2,'2024-01-16 16:43:06.693291','2024-01-18 10:33:24.513883',0,1,NULL,NULL,NULL,'eyJhbGciOiJIUzI1NiIsInR5cCI6IkpXVCJ9.eyJpZCI6IjIiLCJuYmYiOjE3MDU0MTYxODYsImV4cCI6MTcwNTUwMjU4NiwiaWF0IjoxNzA1NDE2MTg2fQ.EE7H7P39crCuBW06hqEi4DZ0HHaOgZNUAVQIdWWbMJM'),
(24,2,'2024-01-18 10:34:09.054602','2024-01-18 10:34:15.311265',0,1,NULL,NULL,NULL,'eyJhbGciOiJIUzI1NiIsInR5cCI6IkpXVCJ9.eyJpZCI6IjIiLCJuYmYiOjE3MDU1NjY4NDgsImV4cCI6MTcwNTY1MzI0OCwiaWF0IjoxNzA1NTY2ODQ4fQ.K_nzezzUnEQO7w8E-m3OlUDPQP_0zQcdBgvtdMPBR3A'),
(25,2,'2024-01-18 10:34:17.245839','2024-01-18 10:34:36.191920',0,1,NULL,NULL,NULL,'eyJhbGciOiJIUzI1NiIsInR5cCI6IkpXVCJ9.eyJpZCI6IjIiLCJuYmYiOjE3MDU1NjY4NTcsImV4cCI6MTcwNTY1MzI1NywiaWF0IjoxNzA1NTY2ODU3fQ.XunMMAaovT7K19Nc7ByF_Ou8LWCTbX5PN5mLGpcQbdU'),
(26,2,'2024-01-18 10:34:38.800864','2024-01-18 10:34:53.198620',0,1,NULL,NULL,NULL,'eyJhbGciOiJIUzI1NiIsInR5cCI6IkpXVCJ9.eyJpZCI6IjIiLCJuYmYiOjE3MDU1NjY4NzgsImV4cCI6MTcwNTY1MzI3OCwiaWF0IjoxNzA1NTY2ODc4fQ.Cw9NngpROeQrOkJnUre9vVVd4xwGYV_SDeOBCeTnJTo'),
(27,2,'2024-01-18 10:34:54.572911','2024-01-18 13:47:05.622092',0,1,NULL,NULL,NULL,'eyJhbGciOiJIUzI1NiIsInR5cCI6IkpXVCJ9.eyJpZCI6IjIiLCJuYmYiOjE3MDU1NjY4OTQsImV4cCI6MTcwNTY1MzI5NCwiaWF0IjoxNzA1NTY2ODk0fQ.QhK99PTLK6wGoh-QZeGMQNkRLEKcXF1Wusp9zjQmlfw'),
(28,2,'2024-01-18 13:47:07.639740','2024-01-18 14:13:41.846193',0,1,NULL,NULL,NULL,'eyJhbGciOiJIUzI1NiIsInR5cCI6IkpXVCJ9.eyJpZCI6IjIiLCJuYmYiOjE3MDU1Nzg0MjcsImV4cCI6MTcwNTY2NDgyNywiaWF0IjoxNzA1NTc4NDI3fQ.FwbQ5kbgsSI_B98b21XfBTt2zQC1t-8pjwGDlxUul6Y'),
(29,2,'2024-01-19 15:57:20.868355','2024-01-24 17:27:43.389670',0,2,NULL,NULL,NULL,'eyJhbGciOiJIUzI1NiIsInR5cCI6IkpXVCJ9.eyJpZCI6IjIiLCJuYmYiOjE3MDU2NzI2NDAsImV4cCI6MTcwNTc1OTA0MCwiaWF0IjoxNzA1NjcyNjQwfQ.reaO-usHZ0h9YHsQZHXSultl3_UvXL5AZwJWy_SHeGg'),
(30,2,'2024-01-24 16:12:04.871616','2024-01-25 14:46:09.354905',0,1,NULL,NULL,NULL,'eyJhbGciOiJIUzI1NiIsInR5cCI6IkpXVCJ9.eyJpZCI6IjIiLCJuYmYiOjE3MDYxMDU1MjQsImV4cCI6MTcwNjE5MTkyNCwiaWF0IjoxNzA2MTA1NTI0fQ.BZrr07efRbLxwT0NNqnLr_HXpRPBmC_h9sammSbJLm0'),
(31,2,'2024-01-24 17:28:20.748429','2024-01-25 15:04:14.386805',0,2,NULL,NULL,NULL,'eyJhbGciOiJIUzI1NiIsInR5cCI6IkpXVCJ9.eyJpZCI6IjIiLCJuYmYiOjE3MDYxMTAxMDAsImV4cCI6MTcwNjE5NjUwMCwiaWF0IjoxNzA2MTEwMTAwfQ.6VodcX1q_kJAqN9Pfmzubc7jqTC1zWrQFyuWnKTdz5g'),
(32,2,'2024-01-25 14:46:11.390510','2024-01-25 15:05:03.240129',0,1,NULL,NULL,NULL,'eyJhbGciOiJIUzI1NiIsInR5cCI6IkpXVCJ9.eyJpZCI6IjIiLCJuYmYiOjE3MDYxODY3NzEsImV4cCI6MTcwNjI3MzE3MSwiaWF0IjoxNzA2MTg2NzcxfQ.6tgOWW_h5D9nPzMRPye6F0mgZtYHnK_ig60l1HmHEqw'),
(33,2,'2024-01-25 15:04:58.026962','2024-01-25 15:08:02.184981',0,2,NULL,NULL,NULL,'eyJhbGciOiJIUzI1NiIsInR5cCI6IkpXVCJ9.eyJpZCI6IjIiLCJuYmYiOjE3MDYxODc4OTgsImV4cCI6MTcwNjI3NDI5OCwiaWF0IjoxNzA2MTg3ODk4fQ.YDzYhe4lP7Ea8bls7ra4CZK3UWnxoniYaArl9mZG7IU'),
(34,2,'2024-01-25 15:08:03.898328','2024-01-25 15:08:07.031276',0,2,NULL,NULL,NULL,'eyJhbGciOiJIUzI1NiIsInR5cCI6IkpXVCJ9.eyJpZCI6IjIiLCJuYmYiOjE3MDYxODgwODMsImV4cCI6MTcwNjI3NDQ4MywiaWF0IjoxNzA2MTg4MDgzfQ.EwDBATuYnIoV6CKDkHhiAP-E4vGSuw98TnR2EvEi1zg'),
(35,2,'2024-01-25 15:08:09.158231','2024-01-25 15:08:14.129642',0,2,NULL,NULL,NULL,'eyJhbGciOiJIUzI1NiIsInR5cCI6IkpXVCJ9.eyJpZCI6IjIiLCJuYmYiOjE3MDYxODgwODksImV4cCI6MTcwNjI3NDQ4OSwiaWF0IjoxNzA2MTg4MDg5fQ.1ao_V7GaKtF_W8RvxlvoOcXQaBrwrIPddp7xtPl0ywA'),
(36,2,'2024-01-25 15:08:23.876961','2024-01-25 15:20:35.181031',0,2,NULL,NULL,NULL,'eyJhbGciOiJIUzI1NiIsInR5cCI6IkpXVCJ9.eyJpZCI6IjIiLCJuYmYiOjE3MDYxODgxMDMsImV4cCI6MTcwNjI3NDUwMywiaWF0IjoxNzA2MTg4MTAzfQ.oA94xAzmFBPBsCPKawHDoM8YDQyiuNWGzNCTqd9N1TM'),
(37,2,'2024-01-25 15:17:00.664149','2024-01-25 15:24:01.411536',0,1,NULL,NULL,NULL,'eyJhbGciOiJIUzI1NiIsInR5cCI6IkpXVCJ9.eyJpZCI6IjIiLCJuYmYiOjE3MDYxODg2MjAsImV4cCI6MTcwNjI3NTAyMCwiaWF0IjoxNzA2MTg4NjIwfQ.hCQvRUWe80Js61ciNVgkpDhOjgW9U1-HhSpoNbPUMC8'),
(38,2,'2024-01-25 15:23:58.588405','2024-01-25 15:31:09.477385',0,2,NULL,NULL,NULL,'eyJhbGciOiJIUzI1NiIsInR5cCI6IkpXVCJ9.eyJpZCI6IjIiLCJuYmYiOjE3MDYxODkwMzgsImV4cCI6MTcwNjI3NTQzOCwiaWF0IjoxNzA2MTg5MDM4fQ._Pg7dNaEkehGFBFrvRxAWIPmizKRvVlsThBptZM9ilw'),
(39,2,'2024-01-25 15:31:13.611415','2024-01-28 12:59:19.881803',0,2,NULL,NULL,NULL,'eyJhbGciOiJIUzI1NiIsInR5cCI6IkpXVCJ9.eyJpZCI6IjIiLCJuYmYiOjE3MDYxODk0NzMsImV4cCI6MTcwNjI3NTg3MywiaWF0IjoxNzA2MTg5NDczfQ.om2f65vvVwa5kTZ5EqqIy4ku1YBBr08hpUm4S_y2RGE'),
(40,2,'2024-01-25 15:31:29.421236','2024-01-25 15:31:29.421238',0,1,NULL,NULL,NULL,'eyJhbGciOiJIUzI1NiIsInR5cCI6IkpXVCJ9.eyJpZCI6IjIiLCJuYmYiOjE3MDYxODk0ODksImV4cCI6MTcwNjI3NTg4OSwiaWF0IjoxNzA2MTg5NDg5fQ.blaWqH0FHFfTfLumS6rP4ewJ44KWt9JKLlvOHpDb5Vk'),
(41,2,'2024-01-28 12:59:23.114516','2024-01-28 13:13:59.432025',0,2,NULL,NULL,NULL,'eyJhbGciOiJIUzI1NiIsInR5cCI6IkpXVCJ9.eyJpZCI6IjIiLCJuYmYiOjE3MDY0Mzk1NjMsImV4cCI6MTcwNjUyNTk2MywiaWF0IjoxNzA2NDM5NTYzfQ.ppZe0B7h_ZAK0xygPu-VU2_ELY5eA5PgaZDqDSbIdzM'),
(42,2,'2024-01-28 13:18:14.306017','2024-01-29 10:33:19.306811',0,1,NULL,NULL,NULL,'eyJhbGciOiJIUzI1NiIsInR5cCI6IkpXVCJ9.eyJpZCI6IjIiLCJuYmYiOjE3MDY0NDA2OTQsImV4cCI6MTcwNjUyNzA5NCwiaWF0IjoxNzA2NDQwNjk0fQ._cURmsVXIhfQFVgYhwG5atzGTD3h5JJyass1nPu9CiI'),
(43,2,'2024-01-28 13:24:02.924415','2024-01-29 10:40:19.419173',0,2,NULL,NULL,NULL,'eyJhbGciOiJIUzI1NiIsInR5cCI6IkpXVCJ9.eyJpZCI6IjIiLCJuYmYiOjE3MDY0NDEwNDIsImV4cCI6MTcwNjUyNzQ0MiwiaWF0IjoxNzA2NDQxMDQyfQ.lbv8cI6C4JqUKgZPBYzthlXHEV35nzIEHXEMEPfFFe4'),
(44,2,'2024-01-29 10:33:27.214261','2024-01-31 16:06:07.443077',0,1,NULL,NULL,NULL,'eyJhbGciOiJIUzI1NiIsInR5cCI6IkpXVCJ9.eyJpZCI6IjIiLCJuYmYiOjE3MDY1MTcyMDcsImV4cCI6MTcwNjYwMzYwNywiaWF0IjoxNzA2NTE3MjA3fQ.VC5lsMb9OScgM6XQ7YvcEtB96X0-ywCvpKZZP8SC3wQ'),
(45,2,'2024-01-29 10:40:25.276947','2024-01-29 15:14:39.722691',0,2,NULL,NULL,NULL,'eyJhbGciOiJIUzI1NiIsInR5cCI6IkpXVCJ9.eyJpZCI6IjIiLCJuYmYiOjE3MDY1MTc2MjUsImV4cCI6MTcwNjYwNDAyNSwiaWF0IjoxNzA2NTE3NjI1fQ.DEmQtuQzMjHYQlIAuTUwBvaa1U3k6H6d28-dCAL4Z90'),
(46,2,'2024-01-29 15:14:41.046767','2024-01-31 10:46:43.258127',0,2,NULL,NULL,NULL,'eyJhbGciOiJIUzI1NiIsInR5cCI6IkpXVCJ9.eyJpZCI6IjIiLCJuYmYiOjE3MDY1MzQwODEsImV4cCI6MTcwNjYyMDQ4MSwiaWF0IjoxNzA2NTM0MDgxfQ.dwl6H_aXkksunTN24FQRj-LjlUT87e9hBC8WhUz2Clk'),
(47,2,'2024-01-31 10:46:44.911537','2024-01-31 10:59:25.838857',0,2,NULL,NULL,NULL,'eyJhbGciOiJIUzI1NiIsInR5cCI6IkpXVCJ9.eyJpZCI6IjIiLCJuYmYiOjE3MDY2OTA4MDQsImV4cCI6MTcwNjc3NzIwNCwiaWF0IjoxNzA2NjkwODA0fQ.RLmsux1L16j8KDgx-P2fKT0fO-HbUehX1SEbYRHvxEs'),
(48,2,'2024-01-31 10:59:27.092347','2024-01-31 11:22:42.877741',0,2,NULL,NULL,NULL,'eyJhbGciOiJIUzI1NiIsInR5cCI6IkpXVCJ9.eyJpZCI6IjIiLCJuYmYiOjE3MDY2OTE1NjcsImV4cCI6MTcwNjc3Nzk2NywiaWF0IjoxNzA2NjkxNTY3fQ.ExlbxC37_hst250Xesz5P07x8J3D85IfjJ-aqfndRZ8'),
(49,2,'2024-01-31 11:22:44.467779','2024-01-31 11:38:01.329787',0,2,NULL,NULL,NULL,'eyJhbGciOiJIUzI1NiIsInR5cCI6IkpXVCJ9.eyJpZCI6IjIiLCJuYmYiOjE3MDY2OTI5NjQsImV4cCI6MTcwNjc3OTM2NCwiaWF0IjoxNzA2NjkyOTY0fQ.Phdge8j7wcZN5o7EAh0fQd7OWyxh5DSZlc1TB2IeHgE'),
(50,2,'2024-01-31 11:38:02.622319','2024-01-31 12:01:39.006693',0,2,NULL,NULL,NULL,'eyJhbGciOiJIUzI1NiIsInR5cCI6IkpXVCJ9.eyJpZCI6IjIiLCJuYmYiOjE3MDY2OTM4ODIsImV4cCI6MTcwNjc4MDI4MiwiaWF0IjoxNzA2NjkzODgyfQ.rsHVLki0qQucWnmPmtyJgCxyw87X1Rgmgua0ZKLSeHA'),
(51,2,'2024-01-31 12:01:40.311016','2024-01-31 14:45:28.746292',0,2,NULL,NULL,NULL,'eyJhbGciOiJIUzI1NiIsInR5cCI6IkpXVCJ9.eyJpZCI6IjIiLCJuYmYiOjE3MDY2OTUzMDAsImV4cCI6MTcwNjc4MTcwMCwiaWF0IjoxNzA2Njk1MzAwfQ.DMt9ocztqzkidG5t4-8gAHIbp6Inf3yHm0BOnWsLrrU'),
(52,2,'2024-01-31 14:45:30.286935','2024-01-31 20:12:29.565987',0,2,NULL,NULL,NULL,'eyJhbGciOiJIUzI1NiIsInR5cCI6IkpXVCJ9.eyJpZCI6IjIiLCJuYmYiOjE3MDY3MDUxMzAsImV4cCI6MTcwNjc5MTUzMCwiaWF0IjoxNzA2NzA1MTMwfQ.PJji1x4G_sGR5lbWrKWyxQJer45rZIBMrAtBQXxP9z4'),
(53,2,'2024-01-31 16:06:18.432266','2024-01-31 20:28:17.856583',0,1,NULL,NULL,NULL,'eyJhbGciOiJIUzI1NiIsInR5cCI6IkpXVCJ9.eyJpZCI6IjIiLCJuYmYiOjE3MDY3MDk5NzgsImV4cCI6MTcwNjc5NjM3OCwiaWF0IjoxNzA2NzA5OTc4fQ.AZ56-nYWbKJxbbTrXT05-oMNTPIlEnS1AzKom3D1QLk'),
(54,2,'2024-01-31 20:12:31.421810','2024-02-01 13:39:08.044947',0,2,NULL,NULL,NULL,'eyJhbGciOiJIUzI1NiIsInR5cCI6IkpXVCJ9.eyJpZCI6IjIiLCJuYmYiOjE3MDY3MjQ3NTEsImV4cCI6MTcwNjgxMTE1MSwiaWF0IjoxNzA2NzI0NzUxfQ.sEDCAqnGTWx4l8IcFT9Zzo0zrJxNI6WLY4-CCCpsvr0'),
(55,2,'2024-01-31 20:28:36.642156','2024-02-01 10:39:56.950465',0,1,NULL,NULL,NULL,'eyJhbGciOiJIUzI1NiIsInR5cCI6IkpXVCJ9.eyJpZCI6IjIiLCJuYmYiOjE3MDY3MjU3MTYsImV4cCI6MTcwNjgxMjExNiwiaWF0IjoxNzA2NzI1NzE2fQ.u9doHmmpVQ3eSRRJZmq4drCiJONGJTtgMuIA4_H-jWU'),
(56,2,'2024-02-01 10:39:58.858706','2024-02-01 11:59:52.032979',0,1,NULL,NULL,NULL,'eyJhbGciOiJIUzI1NiIsInR5cCI6IkpXVCJ9.eyJpZCI6IjIiLCJuYmYiOjE3MDY3NzY3OTgsImV4cCI6MTcwNjg2MzE5OCwiaWF0IjoxNzA2Nzc2Nzk4fQ.W6sKP9APYsbjMOi4vu9EgKfe7osfsNtVg9x5_yZWMPg'),
(57,2,'2024-02-01 11:59:53.813633','2024-02-02 09:32:31.798895',0,1,NULL,NULL,NULL,'eyJhbGciOiJIUzI1NiIsInR5cCI6IkpXVCJ9.eyJpZCI6IjIiLCJuYmYiOjE3MDY3ODE1OTMsImV4cCI6MTcwNjg2Nzk5MywiaWF0IjoxNzA2NzgxNTkzfQ.aodw_pyyEoimWV3a6HPocLX5i1XgQdRaP7_BENhyID8'),
(58,2,'2024-02-01 13:39:09.760777','2024-02-01 13:45:52.354345',0,2,NULL,NULL,NULL,'eyJhbGciOiJIUzI1NiIsInR5cCI6IkpXVCJ9.eyJpZCI6IjIiLCJuYmYiOjE3MDY3ODc1NDksImV4cCI6MTcwNjg3Mzk0OSwiaWF0IjoxNzA2Nzg3NTQ5fQ.N4C8tKGirsyahka6mFSQdLnfbGutbCHaY6J6smcbPfI'),
(59,2,'2024-02-01 13:45:53.784976','2024-02-01 14:45:46.489378',0,2,NULL,NULL,NULL,'eyJhbGciOiJIUzI1NiIsInR5cCI6IkpXVCJ9.eyJpZCI6IjIiLCJuYmYiOjE3MDY3ODc5NTMsImV4cCI6MTcwNjg3NDM1MywiaWF0IjoxNzA2Nzg3OTUzfQ.xFNkgQyiqkdmtjDaSJlon1vmSrrkuwcM_9WRCE3hTWc'),
(60,2,'2024-02-01 14:45:48.308151','2024-02-02 09:54:56.313401',0,2,NULL,NULL,NULL,'eyJhbGciOiJIUzI1NiIsInR5cCI6IkpXVCJ9.eyJpZCI6IjIiLCJuYmYiOjE3MDY3OTE1NDgsImV4cCI6MTcwNjg3Nzk0OCwiaWF0IjoxNzA2NzkxNTQ4fQ.S8Ks-YfXs-GTBoIkVYhEaC7dZPc5BeonWpVkR8ARP6M'),
(61,2,'2024-02-02 09:32:33.788898','2024-02-02 09:56:46.159777',0,1,NULL,NULL,NULL,'eyJhbGciOiJIUzI1NiIsInR5cCI6IkpXVCJ9.eyJpZCI6IjIiLCJuYmYiOjE3MDY4NTkxNTMsImV4cCI6MTcwNjk0NTU1MywiaWF0IjoxNzA2ODU5MTUzfQ.TiixdJgz7WQ3QgafAcU8pW2-KrCO-xPD48b-cQYN174'),
(62,2,'2024-02-02 09:55:05.234259','2024-02-02 10:14:26.263376',0,2,NULL,NULL,NULL,'eyJhbGciOiJIUzI1NiIsInR5cCI6IkpXVCJ9.eyJpZCI6IjIiLCJuYmYiOjE3MDY4NjA1MDUsImV4cCI6MTcwNjk0NjkwNSwiaWF0IjoxNzA2ODYwNTA1fQ.WdtzE19UH7Ctnu7u3ncH3bfartymOnfZTfpwslberqM'),
(63,2,'2024-02-02 09:56:47.456078','2024-02-02 10:24:42.364086',0,1,NULL,NULL,NULL,'eyJhbGciOiJIUzI1NiIsInR5cCI6IkpXVCJ9.eyJpZCI6IjIiLCJuYmYiOjE3MDY4NjA2MDcsImV4cCI6MTcwNjk0NzAwNywiaWF0IjoxNzA2ODYwNjA3fQ.lLel4gAX2zmiwKiXtGkxLSKdFYJFfUAVP0t2imxemvk'),
(64,2,'2024-02-02 10:14:27.981569','2024-02-02 10:31:33.514077',0,2,NULL,NULL,NULL,'eyJhbGciOiJIUzI1NiIsInR5cCI6IkpXVCJ9.eyJpZCI6IjIiLCJuYmYiOjE3MDY4NjE2NjcsImV4cCI6MTcwNjk0ODA2NywiaWF0IjoxNzA2ODYxNjY3fQ.Z-rf-oH0NMtt4NMNDVU6mymP9LCIuoFhRkYj1z4-hsQ'),
(65,2,'2024-02-02 10:24:51.788395','2024-02-02 10:34:20.304057',0,1,NULL,NULL,NULL,'eyJhbGciOiJIUzI1NiIsInR5cCI6IkpXVCJ9.eyJpZCI6IjIiLCJuYmYiOjE3MDY4NjIyOTEsImV4cCI6MTcwNjk0ODY5MSwiaWF0IjoxNzA2ODYyMjkxfQ.2ykk8oia20jOvcaz2Xu8JzR0qsua_xII7Mv2kz9DBVM'),
(66,2,'2024-02-02 10:31:35.854245','2024-02-02 16:35:58.517734',0,2,NULL,NULL,NULL,'eyJhbGciOiJIUzI1NiIsInR5cCI6IkpXVCJ9.eyJpZCI6IjIiLCJuYmYiOjE3MDY4NjI2OTUsImV4cCI6MTcwNjk0OTA5NSwiaWF0IjoxNzA2ODYyNjk1fQ.RzFnhLdvQVNMsUabrh_Fa4M_dStlazXRd86-kNISioA'),
(67,2,'2024-02-02 10:34:22.052506','2024-02-02 10:34:22.052509',1,1,NULL,NULL,NULL,'eyJhbGciOiJIUzI1NiIsInR5cCI6IkpXVCJ9.eyJpZCI6IjIiLCJuYmYiOjE3MDY4NjI4NjIsImV4cCI6MTcwNjk0OTI2MiwiaWF0IjoxNzA2ODYyODYyfQ.sdVXKaNkDWVZhGtpE3jyE7YUIg_fE86SS-tlWHepPFA'),
(68,2,'2024-02-02 16:36:00.692298','2024-02-02 16:36:00.692369',1,2,NULL,NULL,NULL,'eyJhbGciOiJIUzI1NiIsInR5cCI6IkpXVCJ9.eyJpZCI6IjIiLCJuYmYiOjE3MDY4ODQ1NjAsImV4cCI6MTcwNjk3MDk2MCwiaWF0IjoxNzA2ODg0NTYwfQ.ChO3rm1NA6egjZKeBAn4wFxOcLXHPKNDSmfDkypqjG8'),
(69,4,'2024-02-02 16:51:32.235404','2024-02-02 16:51:32.235405',1,1,NULL,NULL,NULL,'eyJhbGciOiJIUzI1NiIsInR5cCI6IkpXVCJ9.eyJpZCI6IjQiLCJuYmYiOjE3MDY4ODU0OTIsImV4cCI6MTcwNjk3MTg5MiwiaWF0IjoxNzA2ODg1NDkyfQ.6DNeVhdzL5tkbrU9tGLzGX6Ul0H_Q-ef28xj3p2kwPw'),
(70,4,'2024-02-04 11:37:53.935266','2024-02-04 13:49:32.208889',0,2,NULL,NULL,NULL,'eyJhbGciOiJIUzI1NiIsInR5cCI6IkpXVCJ9.eyJpZCI6IjQiLCJuYmYiOjE3MDcwMzk0NzMsImV4cCI6MTcwNzEyNTg3MywiaWF0IjoxNzA3MDM5NDczfQ.bj6Gndoz8-b_n-gv9FqsNP76oGkmptFFSU683BR_fa0'),
(71,4,'2024-02-04 13:49:33.569647','2024-02-05 10:09:23.133123',0,2,NULL,NULL,NULL,'eyJhbGciOiJIUzI1NiIsInR5cCI6IkpXVCJ9.eyJpZCI6IjQiLCJuYmYiOjE3MDcwNDczNzMsImV4cCI6MTcwNzEzMzc3MywiaWF0IjoxNzA3MDQ3MzczfQ.7je9d6Lm4o9Y4tKt-673jVuf9XhjMo1U47P0dZqh_qU'),
(72,4,'2024-02-05 10:09:25.259192','2024-02-05 11:29:28.229344',0,2,NULL,NULL,NULL,'eyJhbGciOiJIUzI1NiIsInR5cCI6IkpXVCJ9.eyJpZCI6IjQiLCJuYmYiOjE3MDcxMjA1NjUsImV4cCI6MTcwNzIwNjk2NSwiaWF0IjoxNzA3MTIwNTY1fQ.8T8yrDEHUOMtnCiuhUXzektJ2sx9Rp-r13O3aj0RrCc'),
(73,4,'2024-02-05 11:29:29.361655','2024-02-05 11:29:29.361716',1,2,NULL,NULL,NULL,'eyJhbGciOiJIUzI1NiIsInR5cCI6IkpXVCJ9.eyJpZCI6IjQiLCJuYmYiOjE3MDcxMjUzNjksImV4cCI6MTcwNzIxMTc2OSwiaWF0IjoxNzA3MTI1MzY5fQ.2He46uPC0v1pDvfHYc23TWICxjpr3Jy0zdaCXEG2Rwc');

/*Data for the table `addresses` */

insert  into `addresses`(`Id`,`Street`,`AddressLine1`,`City`,`State`,`Country`,`CreatedOn`) values 
(2,'5494 Mkhosana','victoria falls','victoria falls','Mat North','Zimbabwe','2024-01-02 15:38:05.043445'),
(3,'5494 Mkhosana','victoria falls','victoria falls','Mat North','Zimbabwe','2024-01-03 12:19:56.067567'),
(4,'5494 Mkhosana','victoria falls','victoria falls','Mat North','Afghanistan','2024-01-03 12:21:51.085199'),
(5,'5494 Mkhosana','victoria falls','victoria falls','Mat North','Zimbabwe','2024-01-04 12:46:21.491261'),
(9,'5494 Mkhosana','victoria falls','victoria falls','Mat North','Andorra','2024-01-04 14:21:08.700075'),
(10,'5494 Mkhosana','victoria falls','victoria falls','Mat North','Afghanistan','2024-01-28 13:01:06.232136'),
(11,'5494 Mkhosana','victoria falls','victoria falls','Mat North','Andorra','2024-01-28 13:02:28.044876');

/*Data for the table `aspnetroleclaims` */

/*Data for the table `aspnetroles` */

/*Data for the table `aspnetuserclaims` */

/*Data for the table `aspnetuserlogins` */

/*Data for the table `aspnetuserroles` */

/*Data for the table `aspnetusers` */

/*Data for the table `aspnetusertokens` */

/*Data for the table `cashups` */

insert  into `cashups`(`Id`,`Currency`,`Rate`,`Amount`,`USDAmount`,`CreationTime`,`CreatorId`,`IsDeleted`,`DeletionTime`,`DeleterId`,`LastModificationTime`,`LastModifierUserId`) values 
(1,1,1.00,100.00,100.000000000000000000000000000000,'2024-01-25 15:06:16.999000',2,0,'2024-01-25 15:06:16.999000',0,'2024-01-25 15:06:16.999000',2),
(2,1,1.00,100.00,100.000000000000000000000000000000,'2024-01-25 15:06:16.999000',2,0,'2024-01-25 15:06:16.999000',0,'2024-01-25 15:06:16.999000',2),
(3,2,1.00,500000.00,100.000000000000000000000000000000,'2024-01-25 15:06:16.999000',2,0,'2024-01-25 15:06:16.999000',0,'2024-01-25 15:06:16.999000',2),
(4,1,1.00,100.00,100.000000000000000000000000000000,'2024-01-25 15:06:16.999000',4,0,'2024-01-25 15:06:16.999000',0,'2024-01-25 15:06:16.999000',2),
(5,2,1.00,500000.00,100.000000000000000000000000000000,'2024-01-25 15:06:16.999000',4,0,'2024-01-25 15:06:16.999000',0,'2024-01-25 15:06:16.999000',2),
(6,1,1.00,1200.00,1200.000000000000000000000000000000,'2024-02-01 10:08:21.022000',2,0,NULL,0,'2024-02-01 10:08:21.022000',2),
(7,2,6000.00,25624523.00,4270.753833333333000000000000000000,'2024-02-01 10:08:30.721000',2,0,NULL,0,'2024-02-01 10:08:30.721000',2),
(9,2,6000.00,52800.00,8.800000000000000000000000000000,'2024-02-02 08:13:18.640000',2,0,NULL,0,'2024-02-02 08:13:18.640000',2),
(10,4,15.00,22.50,1.500000000000000000000000000000,'2024-02-02 08:25:47.655000',2,0,NULL,0,'2024-02-02 08:25:47.655000',2),
(11,5,15.00,66.00,4.400000000000000000000000000000,'2024-02-02 08:35:08.494000',2,0,NULL,0,'2024-02-02 08:35:08.494000',2),
(12,1,1.00,35.00,35.000000000000000000000000000000,'2024-02-02 14:56:57.122000',4,0,NULL,0,'2024-02-02 14:56:57.122000',4),
(13,2,6000.00,130000.00,21.666666666666668000000000000000,'2024-02-02 14:57:08.333000',4,0,NULL,0,'2024-02-02 14:57:08.333000',4);

/*Data for the table `companies` */

insert  into `companies`(`Id`,`Name`,`AddressId`,`VatNumber`,`RegNumber`,`AccountNumber`,`Phone`,`Email`,`IsSupplier`,`HasCreditFacility`,`CreationTime`,`CreatorId`,`IsDeleted`,`DeletionTime`,`DeleterId`) values 
(1,'OK Mart',5,0,0,0,'0777555666','example@email.com',0,0,'0001-01-01 00:00:00.000000',0,0,NULL,0),
(2,'elepant hills',10,0,0,0,'example@email.com','example@email.com',0,0,'2024-01-28 11:01:06.190000',2,0,NULL,0);

/*Data for the table `contactpersons` */

insert  into `contactpersons`(`Id`,`CompanyId`,`AddressId`,`FirstName`,`LastName`,`Title`,`JobPosition`,`Phone1`,`Phone2`,`Email`,`CreationTime`,`CreatorId`,`IsDeleted`,`DeletionTime`,`DeleterId`) values 
(1,1,9,'Delight','Ncube',1,3,'0777555666',NULL,'example@email.com','2024-01-04 12:21:08.659000',2,0,NULL,0),
(2,2,11,'Delight','ncube',1,4,'0777555666',NULL,'example@email.com','2024-01-28 11:02:28.028000',2,0,NULL,0);

/*Data for the table `employees` */

insert  into `employees`(`Id`,`Name`,`Surname`,`NatId`,`DOB`,`AddressId`,`Cell`,`Email`,`CreationTime`,`CreatorId`,`IsDeleted`,`DeletionTime`,`DeleterId`,`LastModificationTime`,`LastModifierUserId`) values 
(1,'delight','ncube','08-2117703x73','1993-08-16 22:00:00.000000',2,'0777555666','example@email.com','0001-01-01 00:00:00.000000',0,0,NULL,0,NULL,0),
(3,'rejoice','ncube','08-2117703x78','2024-01-08 22:00:00.000000',4,'example@email.com','example@email.com','0001-01-01 00:00:00.000000',0,0,NULL,0,NULL,0);

/*Data for the table `exchangerates` */

insert  into `exchangerates`(`Id`,`Currency`,`BaseCurrency`,`BaseToRate`,`DateEffected`,`CreationTime`,`CreatorId`,`IsDeleted`,`DeletionTime`,`DeleterId`,`LastModificationTime`,`LastModifierUserId`) values 
(1,2,1,1600.000000000000000000000000000000,'2024-01-31 10:49:36.000000','2024-01-31 10:49:36.000000',0,1,'2024-01-15 12:49:36.180000',0,'2024-01-15 12:49:36.180000',0),
(2,3,1,20.000000000000000000000000000000,'2024-01-31 10:49:36.000000','2024-01-31 10:49:36.000000',0,1,'2024-01-15 12:49:36.180000',0,'2024-01-15 12:49:36.180000',0),
(3,2,1,2000.000000000000000000000000000000,'2024-01-31 11:23:21.000000','2024-01-31 11:23:21.000000',0,0,'2024-01-31 09:23:21.169000',0,'2024-01-31 09:23:21.169000',0),
(4,4,1,15.000000000000000000000000000000,'2024-01-30 22:00:00.000000','2024-01-31 13:22:37.151000',2,0,NULL,0,'2024-01-31 13:22:37.151000',2),
(5,5,1,15.000000000000000000000000000000,'2024-01-30 22:00:00.000000','2024-01-31 13:26:36.737000',2,0,NULL,0,'2024-01-31 13:26:36.737000',2),
(6,2,1,3000.000000000000000000000000000000,'2024-01-30 22:00:00.000000','2024-01-31 13:36:00.649000',2,0,NULL,0,'2024-01-31 13:36:00.649000',2),
(7,2,1,4000.000000000000000000000000000000,'2024-01-30 22:00:00.000000','2024-01-31 13:37:28.104000',2,0,NULL,0,'2024-01-31 13:37:28.104000',2),
(8,2,1,6000.000000000000000000000000000000,'2024-01-31 22:00:00.000000','2024-01-31 13:42:23.770000',2,0,NULL,0,'2024-01-31 13:42:23.770000',2),
(9,2,1,6000.000000000000000000000000000000,'2024-01-31 22:00:00.000000','2024-01-31 13:42:23.770000',2,0,NULL,0,'2024-01-31 13:42:23.770000',2),
(10,2,1,6000.000000000000000000000000000000,'2024-01-31 22:00:00.000000','2024-01-31 13:44:10.270000',2,0,NULL,0,'2024-01-31 13:44:10.270000',2);

/*Data for the table `goodsreceivedvoucherlines` */

insert  into `goodsreceivedvoucherlines`(`Id`,`VoucherNumber`,`ProductId`,`OrderedQuantity`,`ReceivedQuantity`,`IssuedQuantity`,`QtyOnHand`,`IsIssued`,`Unit`,`OrderPrice`,`UnitPrice`,`Price`,`ReceivedDate`,`ExpiryDate`) values 
(1,1,3,48.00,40.00,0.00,NULL,0,0,0.20,0.20,8.00,'2024-01-11 15:12:37.215000',NULL),
(2,1,1,10.00,10.00,0.00,NULL,0,1,5.00,5.00,50.00,'2024-01-11 15:12:37.215000',NULL),
(3,2,3,48.00,8.00,0.00,NULL,0,0,0.20,0.20,1.60,'2024-01-15 11:16:18.820000',NULL),
(4,2,1,10.00,0.00,0.00,NULL,0,1,5.00,5.00,0.00,'2024-01-15 11:16:18.820000',NULL),
(5,3,3,48.00,1.00,0.00,NULL,0,0,0.20,0.20,0.20,'2024-01-15 11:16:55.159000',NULL),
(6,3,1,10.00,0.00,0.00,NULL,0,1,5.00,5.00,0.00,'2024-01-15 11:16:55.160000',NULL),
(7,4,3,48.00,0.00,0.00,NULL,0,0,0.20,0.20,0.00,'2024-01-15 11:22:27.476000',NULL),
(8,4,1,10.00,2.00,0.00,NULL,0,1,5.00,5.00,10.00,'2024-01-15 11:22:27.476000',NULL),
(9,5,3,48.00,8.00,0.00,NULL,0,0,0.20,0.20,1.60,'2024-01-15 11:26:40.580000',NULL),
(10,5,1,10.00,0.00,0.00,NULL,0,1,5.00,5.00,0.00,'2024-01-15 11:26:40.580000',NULL);

/*Data for the table `goodsreceivedvouchers` */

insert  into `goodsreceivedvouchers`(`Id`,`OrderNumber`,`InvoiceNumber`,`Transpoter`,`SupplierId`,`Value`,`CreationTime`,`CreatorId`,`IsDeleted`,`DeletionTime`,`DeleterId`,`LastModificationTime`,`LastModifierUserId`) values 
(1,1,'ytu5785646','delight ncube',1,58.00,'2024-01-11 15:12:57.300000',2,0,NULL,0,'2024-01-11 15:12:57.300000',2),
(2,1,'df','',1,1.60,'2024-01-15 11:16:32.299000',2,0,NULL,0,'2024-01-15 11:16:32.299000',2),
(3,1,'dsd','',1,0.20,'2024-01-15 11:17:03.330000',2,0,NULL,0,'2024-01-15 11:17:03.330000',2),
(4,1,'uy','',1,10.00,'2024-01-15 11:22:36.598000',2,0,NULL,0,'2024-01-15 11:22:36.598000',2),
(5,1,'ydr','',1,1.60,'2024-01-15 11:26:54.569000',2,0,NULL,0,'2024-01-15 11:26:54.569000',2);

/*Data for the table `payments` */

insert  into `payments`(`Id`,`SalesOrderId`,`Amount`,`TotalPrice`,`PaidAmount`,`ChangeAmount`,`ExchangeRate`,`VAT`,`Currency`,`MethodOfPay`,`CreationTime`,`CreatorId`,`IsDeleted`,`DeletionTime`,`DeleterId`,`LastModificationTime`,`LastModifierUserId`,`OrderDate`) values 
(1,3,2.10,2.10,2.10,0.00,NULL,NULL,1,NULL,'2024-01-24 15:29:00.096000',2,0,NULL,0,'2024-01-24 15:29:00.096000',2,'2024-01-24 15:29:00.096000'),
(2,4,6.00,6.00,6.00,0.00,NULL,NULL,1,NULL,'2024-01-28 11:22:59.047000',2,0,NULL,0,'2024-01-28 11:22:59.047000',2,'2024-01-28 11:22:59.047000'),
(4,6,8.80,8.80,8.80,0.00,NULL,NULL,2,NULL,'2024-02-02 08:09:12.682000',2,0,NULL,0,'2024-02-02 08:09:12.682000',2,'2024-02-02 08:09:12.570000'),
(5,7,1.50,1.50,1.50,0.00,NULL,NULL,4,NULL,'2024-02-02 08:25:32.124000',2,0,NULL,0,'2024-02-02 08:25:32.124000',2,'2024-02-02 08:25:31.811000'),
(6,8,4.40,4.40,4.40,0.00,NULL,NULL,5,NULL,'2024-02-02 08:34:53.028000',2,0,NULL,0,'2024-02-02 08:34:53.028000',2,'2024-02-02 08:34:52.665000'),
(7,10,22.00,22.00,22.00,0.00,NULL,NULL,2,NULL,'2024-02-02 14:56:42.326000',4,0,NULL,0,'2024-02-02 14:56:42.326000',4,'2024-02-02 14:56:42.199000');

/*Data for the table `productinventories` */

insert  into `productinventories`(`Id`,`ProductId`,`IdealQuantity`,`QuantityOnHand`,`QuantityOnShelf`,`Unit`,`Status`,`CreationTime`,`CreatorId`,`IsDeleted`,`DeletionTime`,`DeleterId`,`LastModificationTime`,`LastModifierUserId`) values 
(1,3,100.00,-6.00,0.00,1,2,'0001-01-01 00:00:00.000000',0,0,NULL,0,NULL,0),
(3,2,100.00,25.00,0.00,0,3,'2024-01-09 09:45:59.126000',2,0,NULL,0,'2024-01-09 09:45:59.126000',2),
(4,1,100.00,0.00,0.00,0,2,'2024-01-09 09:59:17.075000',2,0,NULL,0,'2024-01-09 09:59:17.075000',2),
(5,5,100.00,0.00,0.00,0,2,'2024-01-29 08:58:29.510000',2,0,NULL,0,'2024-01-29 08:58:29.510000',2);

/*Data for the table `productinventorysnapshots` */

/*Data for the table `productprices` */

insert  into `productprices`(`Id`,`ProductInventoryId`,`Cost`,`MarkUp`,`Price`,`CreationTime`,`CreatorId`,`IsDeleted`,`DeletionTime`,`DeleterId`,`LastModificationTime`,`LastModifierUserId`) values 
(1,1,5.00,0.15,5.75,'2024-01-10 12:26:41.218000',2,0,NULL,0,'2024-01-10 12:26:41.218000',2),
(2,3,0.20,0.50,0.30,'2024-01-10 12:36:43.007000',2,0,NULL,0,'2024-01-10 12:36:43.007000',2),
(3,4,0.20,0.50,0.30,'2024-01-10 12:36:57.680000',2,0,NULL,0,'2024-01-10 12:36:57.680000',2),
(4,1,4.00,0.10,4.40,'2024-01-28 11:06:46.958000',2,0,NULL,0,'2024-01-28 11:06:46.958000',2),
(5,5,0.50,0.10,0.55,'2024-01-29 09:08:58.948000',2,0,NULL,0,'2024-01-29 09:08:58.948000',2);

/*Data for the table `products` */

insert  into `products`(`Id`,`BarCode`,`Name`,`Description`,`Category`,`SubCategoryId`,`Cost`,`Grade`,`IsTaxable`,`CreationTime`,`CreatorId`,`IsDeleted`,`DeletionTime`,`DeleterId`,`LastModificationTime`,`LastModifierUserId`) values 
(1,'07775556660210','cocacola 300ml','coke',1,1,0.30,5,1,'2024-01-05 08:54:59.184000',2,0,NULL,0,'2024-01-05 08:54:59.184000',2),
(2,'01255486597542','Fanta 300ml Bottle','cola',1,1,0.35,5,1,'2024-01-05 09:50:13.409000',2,0,NULL,0,'2024-01-05 10:03:11.652000',2),
(3,'10235448578','Oranges 1kg','Orange',2,2,0.70,1,1,'2024-01-05 10:04:37.192000',2,0,NULL,0,'2024-01-05 10:04:37.192000',2),
(5,'0777555666','Knorr','Knorr',1,3,0.50,NULL,1,'2024-01-29 08:50:50.024000',2,0,NULL,0,'2024-01-29 08:50:50.024000',2);

/*Data for the table `purchaceinvoicelines` */

/*Data for the table `purchaceinvoices` */

/*Data for the table `purchaceorderlines` */

insert  into `purchaceorderlines`(`Id`,`OrderNumber`,`ProductId`,`Quantity`,`Unit`,`UnitPrice`,`Price`) values 
(1,1,3,48,0,0.20,9.60),
(2,1,1,10,1,5.00,50.00);

/*Data for the table `purchaceorders` */

insert  into `purchaceorders`(`Id`,`InvoiceValue`,`IsReceived`,`IsOpen`,`SupplierId`,`IsApproved`,`ApprovedById`,`ETA`,`CreationTime`,`CreatorId`,`IsDeleted`,`DeletionTime`,`DeleterId`,`LastModificationTime`,`LastModifierUserId`) values 
(1,59.60,1,0,1,1,2,'2024-01-10 22:00:00.000000','2024-01-10 13:10:43.410000',0,0,NULL,0,'2024-01-10 13:10:43.410000',0);

/*Data for the table `salesorderitems` */

insert  into `salesorderitems`(`Id`,`OrderNumber`,`ProductName`,`BarCode`,`ProductId`,`Quantity`,`Unit`,`UnitPrice`,`Price`) values 
(3,3,'Fanta 300ml Bottle','01255486597542',3,7,NULL,0.30,2.10),
(4,4,'Fanta 300ml Bottle','01255486597542',3,10,NULL,0.30,3.00),
(5,4,'Fanta 300ml Bottle','01255486597542',3,10,NULL,0.30,3.00),
(7,6,'Oranges 1kg','10235448578',1,2,NULL,4.40,8.80),
(8,7,'Fanta 300ml Bottle','01255486597542',3,5,NULL,0.30,1.50),
(9,8,'Oranges 1kg','10235448578',1,1,NULL,4.40,4.40),
(10,9,'Oranges 1kg','10235448578',1,8,NULL,4.40,35.20),
(11,10,'Oranges 1kg','10235448578',1,5,NULL,4.40,22.00);

/*Data for the table `salesorders` */

insert  into `salesorders`(`Id`,`SaleType`,`Price`,`Balance`,`Currency`,`IsPaid`,`CustomerId`,`CreationTime`,`CreatorId`,`IsDeleted`,`DeletionTime`,`DeleterId`,`LastModificationTime`,`LastModifierUserId`,`Status`) values 
(3,1,2.10,0.00,1,0,1,'2024-01-24 15:28:59.872000',2,0,NULL,0,'2024-01-24 15:28:59.872000',2,4),
(4,1,6.00,0.00,1,0,1,'2024-01-28 11:22:58.778000',2,0,NULL,0,'2024-01-28 11:22:58.778000',2,4),
(6,1,8.80,0.00,1,0,1,'2024-02-02 08:09:12.570000',2,0,NULL,0,'2024-02-02 08:09:12.570000',2,4),
(7,1,1.50,0.00,1,0,1,'2024-02-02 08:25:31.811000',2,0,NULL,0,'2024-02-02 08:25:31.811000',2,4),
(8,1,4.40,0.00,5,0,1,'2024-02-02 08:34:52.665000',2,0,NULL,0,'2024-02-02 08:34:52.665000',2,4),
(9,1,35.20,35.20,1,0,1,'2024-02-04 14:56:06.000000',4,0,NULL,0,'2024-02-04 14:56:06.000000',4,2),
(10,1,22.00,0.00,2,0,2,'2024-02-04 14:56:42.000000',4,0,NULL,0,'2024-02-04 14:56:42.000000',4,4);

/*Data for the table `stockmovements` */

/*Data for the table `subcategories` */

insert  into `subcategories`(`Id`,`Name`,`Description`,`Category`) values 
(1,'Beverages','Beverages',1),
(2,'Fruits','Fruits',2),
(3,'spices','spices',1);

/*Data for the table `systemusers` */

insert  into `systemusers`(`Id`,`EmployeeId`,`UserName`,`FullName`,`PasswordHash`,`Role`,`JwtToken`,`IsActive`) values 
(2,1,'stycs','delight ncube','$2a$11$uQPD8xSGCYBfZ4TnHieLXO5aFQmEG/R0cwSVRobMCLhgXF/M0lOI6',1,'eyJhbGciOiJIUzI1NiIsInR5cCI6IkpXVCJ9.eyJpZCI6IjIiLCJuYmYiOjE3MDY4ODQ1NjAsImV4cCI6MTcwNjk3MDk2MCwiaWF0IjoxNzA2ODg0NTYwfQ.ChO3rm1NA6egjZKeBAn4wFxOcLXHPKNDSmfDkypqjG8',1),
(4,3,'rejoe','rejoice ncube','$2a$11$uQPD8xSGCYBfZ4TnHieLXO5aFQmEG/R0cwSVRobMCLhgXF/M0lOI6',1,'eyJhbGciOiJIUzI1NiIsInR5cCI6IkpXVCJ9.eyJpZCI6IjQiLCJuYmYiOjE3MDcxMjUzNjksImV4cCI6MTcwNzIxMTc2OSwiaWF0IjoxNzA3MTI1MzY5fQ.2He46uPC0v1pDvfHYc23TWICxjpr3Jy0zdaCXEG2Rwc',1);

/*!40101 SET SQL_MODE=@OLD_SQL_MODE */;
/*!40014 SET FOREIGN_KEY_CHECKS=@OLD_FOREIGN_KEY_CHECKS */;
/*!40014 SET UNIQUE_CHECKS=@OLD_UNIQUE_CHECKS */;
/*!40111 SET SQL_NOTES=@OLD_SQL_NOTES */;
